<?xml version="1.0" encoding="utf-8"?><!-- Copyright (c) Microsoft Corporation.  All rights reserved. --><GroupPolicyBackupScheme bkp:version="2.0" bkp:type="GroupPolicyBackupTemplate" xmlns:bkp="http://www.microsoft.com/GroupPolicy/GPOOperations" xmlns="http://www.microsoft.com/GroupPolicy/GPOOperations">
    <GroupPolicyObject><SecurityGroups><Group bkp:Source="FromDACL"><Sid><![CDATA[S-1-5-21-1491450172-2653090377-3409881427-519]]></Sid><SamAccountName><![CDATA[Enterprise Admins]]></SamAccountName><Type><![CDATA[UniversalGroup]]></Type><NetBIOSDomainName><![CDATA[TONAZZIDEMO]]></NetBIOSDomainName><DnsDomainName><![CDATA[tonazzidemo.onmicrosoft.com]]></DnsDomainName><UPN><![CDATA[Enterprise Admins@tonazzidemo.onmicrosoft.com]]></UPN></Group><Group bkp:Source="FromDACL"><Sid><![CDATA[S-1-5-21-1491450172-2653090377-3409881427-512]]></Sid><SamAccountName><![CDATA[Domain Admins]]></SamAccountName><Type><![CDATA[GlobalGroup]]></Type><NetBIOSDomainName><![CDATA[TONAZZIDEMO]]></NetBIOSDomainName><DnsDomainName><![CDATA[tonazzidemo.onmicrosoft.com]]></DnsDomainName><UPN><![CDATA[Domain Admins@tonazzidemo.onmicrosoft.com]]></UPN></Group><Group bkp:Source="FromDACL"><Sid><![CDATA[S-1-5-21-1491450172-2653090377-3409881427-1104]]></Sid><SamAccountName><![CDATA[AAD DC Administrators]]></SamAccountName><Type><![CDATA[GlobalGroup]]></Type><NetBIOSDomainName><![CDATA[TONAZZIDEMO]]></NetBIOSDomainName><DnsDomainName><![CDATA[tonazzidemo.onmicrosoft.com]]></DnsDomainName><UPN><![CDATA[AAD DC Administrators@tonazzidemo.onmicrosoft.com]]></UPN></Group><Group bkp:Source="FromDACL"><Sid><![CDATA[S-1-5-21-1491450172-2653090377-3409881427-1109]]></Sid><SamAccountName><![CDATA[tdn-adjoin]]></SamAccountName><Type><![CDATA[User]]></Type><NetBIOSDomainName><![CDATA[TONAZZIDEMO]]></NetBIOSDomainName><DnsDomainName><![CDATA[tonazzidemo.onmicrosoft.com]]></DnsDomainName><UPN><![CDATA[tdn-adjoin@tonazzidemo.onmicrosoft.com]]></UPN></Group></SecurityGroups><FilePaths/><GroupPolicyCoreSettings><ID><![CDATA[{69BB3F23-695B-46A1-AFE3-80F04C3DBE35}]]></ID><Domain><![CDATA[tonazzidemo.onmicrosoft.com]]></Domain><SecurityDescriptor>01 00 04 9c 00 00 00 00 00 00 00 00 00 00 00 00 14 00 00 00 04 00 10 01 09 00 00 00 05 02 28 00 00 01 00 00 01 00 00 00 8f fd ac ed b3 ff d1 11 b4 1d 00 a0 c9 68 f9 39 01 01 00 00 00 00 00 05 0b 00 00 00 00 00 24 00 ff 00 0f 00 01 05 00 00 00 00 00 05 15 00 00 00 3c b9 e5 58 49 f2 22 9e 53 a9 3e cb 55 04 00 00 00 02 24 00 ff 00 0f 00 01 05 00 00 00 00 00 05 15 00 00 00 3c b9 e5 58 49 f2 22 9e 53 a9 3e cb 00 02 00 00 00 02 24 00 ff 00 0f 00 01 05 00 00 00 00 00 05 15 00 00 00 3c b9 e5 58 49 f2 22 9e 53 a9 3e cb 07 02 00 00 00 03 24 00 ff 01 0f 00 01 05 00 00 00 00 00 05 15 00 00 00 3c b9 e5 58 49 f2 22 9e 53 a9 3e cb 50 04 00 00 00 02 14 00 94 00 02 00 01 01 00 00 00 00 00 05 09 00 00 00 00 02 14 00 94 00 02 00 01 01 00 00 00 00 00 05 0b 00 00 00 00 02 14 00 ff 00 0f 00 01 01 00 00 00 00 00 05 12 00 00 00 00 0a 14 00 ff 00 0f 00 01 01 00 00 00 00 00 03 00 00 00 00</SecurityDescriptor><DisplayName><![CDATA[GPO_U_WVD_Netzlaufwerk]]></DisplayName><Options><![CDATA[0]]></Options><UserVersionNumber><![CDATA[262148]]></UserVersionNumber><MachineVersionNumber><![CDATA[0]]></MachineVersionNumber><MachineExtensionGuids/><UserExtensionGuids><![CDATA[[{00000000-0000-0000-0000-000000000000}{2EA1A81B-48E5-45E9-8BB7-A6E3AC170006}][{5794DAFD-BE60-433F-88A2-1A31939AC01F}{2EA1A81B-48E5-45E9-8BB7-A6E3AC170006}]]]></UserExtensionGuids><WMIFilter/></GroupPolicyCoreSettings> 
        <GroupPolicyExtension bkp:ID="{35378EAC-683F-11D2-A89A-00C04FBBCFA2}" bkp:DescName="Registry">
            
            
            <FSObjectFile bkp:Path="%GPO_FSPATH%\Adm\*.*" bkp:SourceExpandedPath="\\SF7A041QKD49JA5.tonazzidemo.onmicrosoft.com\sysvol\tonazzidemo.onmicrosoft.com\Policies\{69BB3F23-695B-46A1-AFE3-80F04C3DBE35}\Adm\*.*"/>
        </GroupPolicyExtension>
        
        
        
        
        
        
        
        
        
    <GroupPolicyExtension bkp:ID="{F15C46CD-82A0-4C2D-A210-5D0D3182A418}" bkp:DescName="Unknown Extension"><FSObjectDir bkp:Path="%GPO_USER_FSPATH%\Preferences" bkp:SourceExpandedPath="\\SF7A041QKD49JA5.tonazzidemo.onmicrosoft.com\sysvol\tonazzidemo.onmicrosoft.com\Policies\{69BB3F23-695B-46A1-AFE3-80F04C3DBE35}\User\Preferences" bkp:Location="DomainSysvol\GPO\User\Preferences"/><FSObjectDir bkp:Path="%GPO_USER_FSPATH%\Preferences\Drives" bkp:SourceExpandedPath="\\SF7A041QKD49JA5.tonazzidemo.onmicrosoft.com\sysvol\tonazzidemo.onmicrosoft.com\Policies\{69BB3F23-695B-46A1-AFE3-80F04C3DBE35}\User\Preferences\Drives" bkp:Location="DomainSysvol\GPO\User\Preferences\Drives"/><FSObjectFile bkp:Path="%GPO_USER_FSPATH%\Preferences\Drives\Drives.xml" bkp:SourceExpandedPath="\\SF7A041QKD49JA5.tonazzidemo.onmicrosoft.com\sysvol\tonazzidemo.onmicrosoft.com\Policies\{69BB3F23-695B-46A1-AFE3-80F04C3DBE35}\User\Preferences\Drives\Drives.xml" bkp:Location="DomainSysvol\GPO\User\Preferences\Drives\Drives.xml"/></GroupPolicyExtension></GroupPolicyObject>
</GroupPolicyBackupScheme>