<Backups xmlns="http://www.microsoft.com/GroupPolicy/GPOOperations/Manifest" xmlns:mfst="http://www.microsoft.com/GroupPolicy/GPOOperations/Manifest" mfst:version="1.0"><BackupInst><GPOGuid><![CDATA[{69BB3F23-695B-46A1-AFE3-80F04C3DBE35}]]></GPOGuid><GPODomain><![CDATA[tonazzidemo.onmicrosoft.com]]></GPODomain><GPODomainGuid><![CDATA[{589c82b8-bdf0-43bb-bc56-c908159225bc}]]></GPODomainGuid><GPODomainController><![CDATA[SF7A041QKD49JA5.tonazzidemo.onmicrosoft.com]]></GPODomainController><BackupTime><![CDATA[2020-09-28T22:45:49]]></BackupTime><ID><![CDATA[{3E096082-E97C-44EA-92DF-588F9BB285F1}]]></ID><Comment><![CDATA[]]></Comment><GPODisplayName><![CDATA[GPO_U_WVD_Netzlaufwerk]]></GPODisplayName></BackupInst></Backups>